Unnamed: 0,text,original_label,label_auto,confidence
14051,"""Kalifornia"" is one of my all-time favourite movies, and it easily could be labeled as one of the best psychological thrillers of the 90`s. The film has a very stylish surface to it, but behind that are a lot of disturbing and honest depictions of homicidal maniacs and the terrifyng violence they inflict upon others. One of the film`s strongest aspects is it`s performances, Brad Pitt is startlingly great as a trailer-trash psycho named Early. Pitt potrays his frightening character almost flawlessly. Juliette Lewis is equally as good playing his naive girlfriend, her innocence is almost heart-breaking. ""Kalifornia"" has a very simple plot to it, that goes steadily and slowly forward for about an hour, but it suddenly plunges into a harrowing spree of murder, as Pitt unleashes his psychotic personality. There are alot of shocking scenes, and it all mounts to a power-house climax that will haunt you for days. ""Kalifonia"" is a film that should really be watched for it`s intense look at how monstrous a human being can be, and not only for it`s violence and gore.",1,positive,0.95
44367,"SPOILERS<br /><br />A buddy of mine said NEXT MOVIE was the best Cheech & Chong flick and went out of his way to have me borrow it and THE BLUES BROTHERS. NEXT MOVIE has no plot, has no pacing, really has no anything of what defines a movie ... but it is funny. And for what it is worth, Cheech and Chong show some heart.<br /><br />Well, in this little paragraph I put in the plot, but being that four-fifths of the movie, nothing happens that would usually start a story. I will just say that Cheech 's cousin shows up.<br /><br />Was there no other funnier moment when Chong made Cheech drink the pee twice? What about the rooster? Was that Pee-Wee Herman's first movie appearance? You would have to watch the movie yourself to enjoy it. I don't think NEXT MOVIE has strong enough balls to make it awesome, but the movie has heart and hey, my buddy let me borrow it so it gets a 7.",1,neutral,0.7
18666,"When an orphanage manager goes on vacation, his father takes over the details of the center and winds up renting the kids. When a well off, got it made couple with a nice apartment and great life get the notion to adopt this idea was tailor made for them. Why would they want to spoil their elegant existence with a trio of hairbrained carpet creepers? No way would people like these two need kids to make life wonderful. This movie makes it look like the real world works this way, but I am the picture of dubiety.",1,negative,0.85
43642,"I absolutely loved this film... So much emotion in such a small amount of time. I loved the beginning and how it completely throws you off guard. I love the story and the deer being brought in. i know that when i think of deer i think of innocence, and prosperity. Also, in Psalm 42:2 in the Bible it says, ""As the deer pants for the water brooks, So pants my soul for You, O God"". Which could even connect the last moment when the woman says it will be okay. As if she knows she's going with God. Perhaps I am thinking way to much into it. But sometimes it is interesting to see what goes on through peoples' minds. Thank you for sharing this masterpiece with viewers everywhere. I live in Texas and I had it playing on cable... I immediately got onto the computer to find out more about this film and this amazing director! I really liked the music that was used in the background. Music can sometimes make or break a film. It definitely set the mood perfectly. Very nice choice!<br /><br />Thanks again.<br /><br />Laetitia",1,positive,0.95
44415,"Greetings again from the darkness. Mary Heron is amassing quite the list of films which provide a glimpse into their specific era. Her previous ""I Shot Andy Warhol"" and ""American Psycho"" were at their best when commenting on the quirkiness of society during that period. Although ""The Notorious Bettie Page"" is obviously about Ms. Page, it is every bit as much a peak behind the curtain at the world of kinky photo shoots in the 50's.<br /><br />The film is fun to watch both from the perspective of the story and the technical aspect of the way it was filmed and put together. The grainy B&W film and photos capture the time and the introduction of color in Miami Beach through the photos of Bunny Yeager is very well done.<br /><br />The supporting cast is strong with David Strathairn (fresh off his Edward R. Murrow role), Chris Bauer (as Irving Klaw) and Lili Taylor. The star of the film is the wonderfully talented and underrated and underworked Gretchen Mol. Ms. Mol always brings an edge and spirit to her roles. She was absolutely mesmerizing in the little seen, Jason Alexander directed ""Just Looking"" in 2000. Here she is the notorious Bettie Page. Her smile is captivating and her body is flawless. She really seems to enjoy this role and helps us understand how the girl next door from Tennessee could become the underworld Pin-up queen.<br /><br />As one would expect, the soundtrack from the era is terrific. Patsy Cline and Peggy Lee are just two of the featured performers. Although the film hints at providing a history into this industry, the final third kinda falls flat preventing pure movie magic. But the magic of Gretchen Mol and Bettie Page make this a fun movie to watch and one that will yield endless showings on HBO in the near future. Now will someone please turn Ms. Mol into the star she should be?",1,positive,0.85
47022,"Directors of ""The Messengers"" Danny Pang and Oxide Pang are responsible for ""The Eye"" and its sequel and their premiere American picture plays like ""The Grudge""-lite set in a farmhouse.A family of four move from Chicago to a run-down sunflower farm in rural North Dakota.Almost immediately their teenage daughter Jess starts seeing ghosts.Of course her parents and the police are skeptical.Admittedly the film is well-made and there are two or three effective scares,but relies too much on 'boo' effect.Still the plot is a carbon copy of many ghost stories and the ending is anti-climatic and stupefyingly awful.Scares are on the low side too with a tendency toward CGI.Overall,""The Messengers"" is a pretty weak horror film that simply doesn't deliver.4 out of 10.",0,neutral,0.7
3088,"1st watched 11/07/2004 - 1 out of 10(Dir-Jon Keeyes): Over-the-top rehash of 70's supposed horror flicks like Friday the 13th(versions 1 thru whatever). I can't think of much redeeming here except(or can I think of anything?)The story revolves around a bunch of stupid people listening to a radio program one year after some kids were slayed in the woods as an 'homage' to this, supposedly. But, lo and behold, one of the stupid people, have connections to the actual event because her sister was one of the ones murdered(again, how stupid is this that she would even be a part of this). Guess what? The murderer is at it again and we're tipped off from the very beginning who it is(so there goes any mystery whatsoever). And besides all this, where are the 'cops' and why doesn't someone call them. I can't believe this movie was financed by someone and made. You would think that by now the American people would be judged a little higher, at least in their movie-going experience, but not so by this filmmaker.",0,negative,0.95
25589,"Mediocre at best. Slow, but probably more entertaining to the younger viewers. A young boy(Chris Miller) is haunted by an Indian spirit and horrid monster in the cellar of his father's new home. Also in the cast are Patrick Kilpatrick, Suzanne Savoy and Ford Rainey.",0,negative,0.85
19310,"Although I'm not crazy about musicals, COVER GIRL is a delight for classic movie buffs and especially for fans of Rita Hayworth and Gene Kelly. The film may be dated by today's standards and the story and songs may be nothing special, but the musical numbers are magnificently staged and there's a terrific cast to go with the film. Plus, the film is a worthy introduction for fans of Rita Hayworth...she's simply breathtaking in glorious Technicolor.<br /><br />Despite Jerome Kern's collaboration with the film, his music here is nowhere near as special or memorable as his songs in SWING TIME (1936), yet the songs serve the film well. The dancing is nothing short of excellent, especially coming from Gene Kelly's solo number and my favorite musical number, ""Alter-Ego Dance."" The amusing Phil Silvers nearly steals the film as Kelly's partner. Otto Kruger, Eve Arden, and Edward Brophy give good performances in their dramatic supporting roles. And Rita plays a sweet, charming girl here; a role that's a far cry from her femme fatale babes in films like BLOOD AND SAND (1941).<br /><br />All in all, this is a delightful film that's worth watching even if you're not big on musicals. Yet the film's music could have been more memorable if only my favorite period songwriters, Irving Berlin or Cole Porter, wrote the songs for this film. However, it's the glorious Technicolor cinematography and the imaginative dancing that are the real treats of the film's production.<br /><br />While I was watching Rita Hayworth do her stuff, I don't think I've ever seen a more beautiful or graceful redhead dance on the screen since I saw Moira Shearer in Michael Powell's masterpiece, THE RED SHOES (1948). Just watch Rita in COVER GIRL and fall in love with her.",1,positive,0.85
3774,"Having avoided seeing the movie in the cinema, but buying the DVD for my wife for Xmas, I had to watch it. I did not expect much, which usually means I get more than I bargained for. But 'Mamma Mia' - utter, utter cr**. I like ABBA, I like the songs, I have the old LPs. But this film is just terrible. The stage show looks like a bit of a musical, but this races along with songs hurriedly following one another, no characterisation, the dance numbers (which were heavily choreographed according to the extras on the DVD) are just thrown away with only half the bodies ever on screen, the dance chorus of north Europeans appear on a small Greek island at will, while the set and set up of numbers would have disgraced Cliff Richard's musicals in the sixties!Meryl (see me I'm acting)Streep can't even make her usual mugging effective in an over-the-top musical! Her grand piece - 'The Winner Takes It All' - is Meryl at the Met! Note to director - it should have been shot in stillness with the camera gradually showing distance growing between Streep and Brosnan! Some of the singing is awful karaoke on amateur night. The camera cannot stop moving like bad MTV. One can never settle down and just enjoy the music, enthusiasm and characters. But what is even worse is how this botched piece of excre**** has become the highest grossing film in the UK and the best selling DVD to boot? Blair, Campbell and New Labour really have reduced the UK to zombies - critical faculties anyone???",0,negative,0.95
26249,"Why are there no good reviews? Because this film is hysterically bad.<br /><br />Set in a Japanese prison camp in World War II, we have Jim Brown as the hero who puts up with a hysterically unbelievable racist officer, and just as hysterical is the way the Japanese officers brown nose Jim Brown's character.<br /><br />This is probably the worst film any of these actors ever did. Stereotypes not only abound, but they dominate this film. The sixties-seventies music may be the best thing about the film, maybe because it has nothing to do with the film.<br /><br />This is even difficult to sit back and enjoy as mindless fun. This film is even more racist than the message of racism it tries to deliver. And believe me, I was alive in the seventies, and we thought crap like this was just as stupid then. It was never popular.",0,negative,0.95
9382,"It all begins with a series of thefts of seemingly unrelated objects in a hostel for students on Hickory Road, London. Concerned for her sister, who is the housekeeper there, Miss Lemon asks Hercule Poirot to look into the matter. He agrees, but soon the stakes get higher when a girl, who had admitted that she was responsible for most (not all) of the thefts, is found murdered.<br /><br />""Hickory Dickory Dock"" is a solid brain exercise, without being as mind-numbingly complicated as ""One, Two, Buckle My Shoe"". Murder, theft and diamond smuggling are the crimes involved, and the final twist that ties everything together is revealed only in the last 2 minutes! The characters are interesting, particularly the psychology student Colin McNabb and the mysterious American girl Sally Finch, Inspector Japp has his funny moments (in perhaps the closest this series has come to ""toilet humor""), and Miss Lemon gets a more integral part to the story than usual. (***)",1,neutral,0.85
43073,"I really wanted to love this film. I have read the book to my daughters and we all loved it. The book is marvelous. This film is very far from the book. The book is splendid - this film is an awful adaptation.<br /><br />In the book, Sara is honorable, kind, strong, and NEVER does anything spiteful to get back at anyone. That's the POINT of the book! She behaves as a ""princes"" regardless of circumstances. An important part of behaving like a princess is to not return unkindness. It is to behave honorably regardless of how you are being treated.<br /><br />In the book, she endures much and touches the lives of others. Other people change their behaviors after they witnessed her kindness and ability to endure without sinking to spite and vengefulness. Sara does what is right simply BECAUSE it is RIGHT.<br /><br />Outside of the bakery, she comes upon a beggar girl who is more poor and hungry than she is. She has half a dozen hot buns. She is VERY hungry. She gives one bun to this wild looking little girl huddled on the doorstep of the bakery. When she sees how ravenous the girl is and watches her gobble the bun, she gives her another. She continues to do this until she has given 3 or 4 I think - I don't remember how many.<br /><br />The baker is watching through the window. She is so moved by what she has witnessed, she takes the beggar girl in and raises her as her own daughter. Other people are similarly influenced by Sara.<br /><br />And in the book, her father has died. The man next door is her father's partner - he has been looking for her. Her father did not lose his money after all - the man is thrilled to find Sara; he takes her and Becky into his home and raises them as his daughters. And Sara has her full inheritance, of course.<br /><br />Miss Minchin is not a chimney sweep. In fact, she remains in her same post at the school. But she is humiliated as Sara has told her new guardian of the cruel treatment she received. And Sara does speak to Miss Minchin in the end - Miss Minchin is trying to minimize her treatment of Sara and Sara with a calm steadfast demeanor, instructs Miss Minchin that she had been cruel.<br /><br />There is no comeuppance for Miss Minchin. She continues on in her miserable existence. It does not matter - what matters is that Sara has a home with a guardian who loves her - and her dearest friend in the world, Becky, is now for all intents and purposes, her sister.<br /><br />The book is about love and honorable behavior under the worst of circumstances. It is about self control and humility. It is a wonderful book. This film does NOTHING to capture the true story and messages of the book. My wife was so disgusted with it, she wanted to leave the theater in the middle, but we decided to stick it out. We were not rewarded.<br /><br />I cannot for the life of me think of a reason the film makes should alter this excellent book in such a bad direction. Perhaps it was the influence of the ghastly screenplay from the book that Shirley Temple acted in. I don't know - but this film is so far from the book in character and values that I do not recognize it.<br /><br />Don't waste your time - buy the book. It is unforgettable... even for a dad!",0,negative,0.95
41044,"Anything that might have been potentially interesting in this material is sunk in the first few seconds with a disclaimer that the events we're about to see can't ever be known and ""This is the whisper [rumor] most often told"" about one of Hollywood's most sensational ""mysteries.""<br /><br />Okay. So we're not getting anything new (and E!'s ""Mysteries & Scandals"" gives you a better foothold on the particular incident...and that's not much of an endorsement). What do we get?<br /><br />We learn that Hollywood is a nest of viper's and decadents. No big news there. More interesting we learn what a washed up director is willing to do to regain his position of power in the entertainment industry and/or political establishment. It raises the question of whether Peter Bogdanovich is speaking from his own experience through these characters. But what's told is so cynical and ugly and muddled, we're left feeling guilty for witnessing a bunch of hooey that passes itself off as history.<br /><br />The tone of the film has a curious madcap quality that I found more irritating than fun. We're not empathetic with anyone. And the great ""Citizen Kane"" polishes off the relationship between Davies and Hearts in a much more convincing way. In ""The Cat's Meow"" we're not ever sure of Davies motives for being with Hearst. As soon as we're told one thing, she's off doing the other.<br /><br />And are we to believe that Davies was the love of Chaplain's life? Or is he just trying to cockold one of America's most powerful--and apparently moronic--citizens. The film never makes it clear.<br /><br />What is convincing are the production values. There's a glorious recreation of the yacht and period costumes. I got more out of looking at the construction of some of the lapels on the men's jackets than following a story that libels many of the the most well-known personalities in Hollywood history. No one will remember that the screenplay is pure fiction. The disclaimers that frame the film only make it all the more tentative and unsatisfying.<br /><br />The performers can't be faulted, although Meg Tilly goes way past parody here. Kirsten Dunst never disappoints. She gives the most sincere performance in a sea of scenery chewing. Only Joanna Lumley rises above the material, but so much so that she seems to be distancing herself from the whole enterprise rather than narrating it. One of her first lines is, ""I'm not here!"" And I'm sure she wishes she wasn't.<br /><br />This isn't on par with Bogdanovich's trashy, so-bad-it's-good ""At Long Last Love."" It's perched on attempting something serious, but hesitates and stumbles chiefly because it's so full of bitterness towards ""the beast"" named Hollywood. This is ""National Enquirer"" filmmaking. And it not only soils the names of those who the film places on board the Oneida that weekend, but the audience gets pretty dirty as well.",0,negative,0.85
8623,"I thought this was an extremely bad movie. The whole time I was watching this movie I couldn't help but think over and over how bad it is, and how that was $3.69 down the drain. The plot was so jumpy. They did an excellent job at the beginning of explaining who dated who in high school, but they never really explained anything after that. Was it a supernatural thriller? Was it a regular thriller? Apparently you can decide for yourself, because they didn't see the need to explain. I understood basically what happened, I think. What I got confused about was all of it prior, what was the deal with the bloody noses, phone calls, etc.? Was this guy coming back? Was the wife channeling ""Carrie"" or something? Who knows? You certainly won't after watching this movie.",0,negative,0.95
28168,"I was a fan of Buffy and hoped it would come to a proper end when Angel got only one more season. But when the end came closer I was exited to see that. And what did we get? This episode called ""NOT FADE AWAY"" was the very last one.<br /><br />I was so disappointed by this episode. This is absolutely the worst way to this series. Why couldn't it get a happy ending? Why did have a few of the main characters to die? Why did Angel not become a human and was reunited with Buffy again? No. Angel has to sign this bloddy piece of paper that he'll never become a human. How stupid.<br /><br />And the end is a cliffhanger.<br /><br />What could have been worse? The Buffyshow began so great, such as Angel, but the hole Universe ended so crappy. Somebody should put a spell on the man who wrote the screenplay to this episode and make sure he get's lost in hell.<br /><br />So don't bother watching this, it's so bad, it hurts! Totally 1 out of 10.",0,negative,0.95
27273,"I've seen this movie about 6 times now. And each time I view it, I'm more impressed by the story and the acting. Its like watching a train wreck being set in motion. Its subtle in its approach, but very effective in reaching its goal. <br /><br />Spoilers-> At the center of the story is a very nice dichotomy. On the one hand we have Deputy major, Eddy Calhoun (Cusack) unknowingly tearing at the old boys network that forms the hart of major of New York's Administration and on the other hand we have the mob boss Zappati who's deliberately trying to maintain the status quo through all means necessary. This situation nicely culminates in the end when Zappati orders Alselmo to make it easy on himself by killing himself and Calhoun ordering Pappas to do the same, politically speaking.<br /><br />The movie also contains some really great one-liners such as (a personal weakness of mine): - You don't sum up a man's life in one moment - The only thing new in this world is the history you don't know<br /><br />All in all, a great movie that deserves a much higher rating.",1,positive,0.95
29057,"The critics were like ""a movie that will break your heart"" etc. So a friend of mine and I had great expectations when we decided to watch this movie.<br /><br />I'll make it short and leave it up to others to write about its content. This movie tries to touch you, to reach your heart. But it fails. At least for me. And for my friend, too.<br /><br />Everything that happened happened only on the screen. It was always THERE, not HERE, where I am. I thought most of the time ""hmm, something's happening on the screen, but it's only on the screen. It's not real.""<br /><br />Movies which succeeded MUCH better in touching me: East of Eden (1955), Terms of Endearment (1983), Jerry Maguire (1996), Babe (1995), Mies vailla menneisyyttä (2002)",0,negative,0.95
17070,"""More"" is yet another addition into the countless pile of 60's druggie, trippy junk. Avoid at all cost. Terrible acting, equally moribund script. The only thing to enjoy is Pink Floyd's wonderful soundtrack, which is too good for stereotypical waste like this.",0,negative,0.95
15521,"Okay, I haven't read the book yet but I have to say that the lead character was miscast. How can I say such a thing haven't read the book you ask? It's simple. As a viewer of this miniseries, I grew irritated by the mannerisms, gestures and look of the lead character, Fannie Price. It's one thing to be a good person but it's quite another to be a stick in the mud creature who disdains from looking anyone in the face or otherwise meeting their gaze. Apart from the overdone ""Susan B. Anthony"" profile, she seemed resolute in refusing to look at another person. The scene where Edmond is pouring his heart out to her, she is looking straight ahead the whole time, forcing him to do the same. As a result, it was just awkward and I just couldn't fathom anyone being in love with her let alone both Henry and Edmond. Many have said it was true to the book, if that is the case I find it hard to believe that Jane Austen would create such a character as her lead heroine. It's possible to create a character who has been put upon by others and succeeds in earning their trust and endearment but the portrayal of this character in this miniseries just didn't do it for me.",0,negative,0.85
39889,"I for one was actually expecting this movie to be pretty good, maybe my expectations were a bit to high, but the fact is I love Judd Nelson. In fact he is the only reason this movie is worth watching and really his role isn't all that great. The main highlights of this film are raunchy sex scenes and boring dialog. If those are the highlights I'm sure your getting a pretty good idea of what kind of film this is. There is definitely a reason this was a made for television film. Only see this one if you have nothing better to do on a Friday night or just like to waste money on video rentals. Save your time and rent The Breakfast Club!",0,negative,0.85
1550,"<br /><br />I saw The Glacier Fox in the theatre when I was nine years old - I bugged my parents to take me back three times. I began looking for it on video about five years ago, finally uncovering a copy on an online auction site, but I would love to see it either picked up by a new distributor and rereleased (I understand the original video run was small), or have the rights purchased by The Family Channel, Disney, etc. and shown regularly. It is a fascinating film that draws you into the story of the life struggle of a family of foxes in northern Japan, narrated by a wise old tree. The excellent soundtrack compliments the film well. It would be a good seller today, better than many of the weak offerings to children's movies today.",1,positive,0.95
613,"This movie is ridiculous. It's attempting to be a comedy but the screenplay is horrible. The whole movie is done in low light and you cant grasp the fact that it's a comedy. Truly is bad cinematography. You really have to sit there and watch it to realize there's a few jokes here and there going on but either way they're all inside jokes amongst themselves. This is more like a wannabe drama flick that went bad. It really is a very pointless movie.Their expressions reveal nothing but dismay and disaster which turns out that way anyway. Unless you want to be bored out of your ass, I suggest you stay away from this gag of a movie.",0,negative,0.95
23450,"Savage Island's raw savagery will scare the hell out of you! Trust me.<br /><br />When the boy of the estranged Savage Family is run over by some city slicker tourists, Pa Savage wants revenge, and he'll stop at nothing until he gets it.<br /><br />This is a real horror film with some truly wonderful horror moments.<br /><br />Also, the negative review clearly comes from someone who lacks proper knowledge of film. The filmmakers chose the lighting and camera-work in order to reflect the dark, murky, and egdy mood of the story; in other words, to obtain a certain aesthetic. <br /><br />In fact, the film has won SEVERAL horror film festival awards.",1,positive,0.85
35483,"""Addictive"" is an adjective I've heard many times when talking of certain TV shows. Most recently, dramas like Lost, Heroes and Prison Break have earned that description. However, as compelling as they may be (and they really are) I can wait a few days before I see the next episode of either series, even Prison Break which some have lazily classified as ""the new 24"". With all due respect, there can be no such thing, and for a good reason: no other silver-screen thriller is based on a real-time structure. That's what sets 24 apart from any other show, and that's why I practically have to watch an entire season (on DVD) in seven days or less: once the frickin' clock starts ticking, it's impossible to tune out.<br /><br />An episode whose events unfolded over the course of a single day was a trademark of NYPD Blue (and, more recently, Deadwood); having an entire season of a new series last 24 hours, one per ep (the actual running time is 41 minutes; the remaining 19 are occupied by commercials when the show airs on telly), was the most groundbreaking idea in mainstream television since Hill Street Blues introduced non-linear storytelling (a mandatory element nowadays). And it truly paid off.<br /><br />Ironically enough, the original plan for the series was to make it revolve around a wedding (fortunately, creators Joel Surnow and Robert Cochran realized the format was more suitable for a conspiracy thriller), which is probably the reason the first glimpse we get of the hero suggests a cheerful atmosphere: looking extremely relaxed, Jack Bauer (Kiefer Sutherland) is enjoying a game of chess with his daughter Kimberly (Elisha Cuthbert) and, minutes later, being tender with Teri (Leslie Hope), the wife with whom he has just reconciled. As in The Sopranos, though, something unexpected and shocking is just behind the corner: not only has Kim snuck out of her room, Jack also receives a phone call urging him to get to work immediately. At midnight? I'm afraid so: Bauer is a CTU (Counter Terrorist Unit) agent, and his boss has acquired reliable intel about a possible hit on the life of David Palmer (Dennis Haysbert), an African-American Presidential candidate who will be in Los Angeles for the whole day (oh, right, I almost forgot: events occur on the day of the California Presidential Primary). No time for napping, then: Jack has to spend the next 24 hours working on the case. Unfortunately, he has a tendency to ignore protocol, and that doesn't sit well with George Mason (Xander Berkeley), a slimy man from Division who has been asked to interfere with the operation.<br /><br />The plot is very dense, making the show hard to recommend for those with a short attention span, but anyone willing to take a look will be rewarded instantly: the writing is sharp and precise, the attention to detail unsurpassed, and the suspense is consistently sky-high, mainly thanks to the real-time trickery which considerably enhances the adrenaline level.<br /><br />Another great quality of this pilot is the characterization: most genre shows (sci-fi and thriller) tend to simply introduce the key players and then define them later on (a textbook example is CSI, where character development is minimal, but then again that matches the show's unique style), whereas the series debut of 24 offers a rich array of fully rounded people, among whom Jack (Sutherland's best role - ever!) and Palmer (the real revelation of the show) stand out for being perfectly described after one episode only (the former divided between job and family, reckless but humane, the latter honorable and endowed with great integrity). A couple of supporting parts border on stereotype (Mason and Tony Almeida especially), but two factors ought to be taken into account: a) this is the first episode; b) there's so much going on most viewers won't even complain about a ""flaw"" or two. After all, how many network programs manage to begin with a conspiracy, a missing teenager AND a huge explosion - and still have equally satisfying material for the rest of the season?<br /><br />Tick, tock, tick, tock...",1,neutral,0.85
32634,"""Distant"" is a slice-of-Turkish-life flick which follows the mundane activities of two adult male cousins; one a photographer and the other an unemployed underachiever. There's little doubt that auteur Nuri Bilge Ceylan is a work in progress with considerable talent. However, this little foreign minimalistic arty dramady is so full of empty filler and so devoid of story or anything engaging or provocative that it will likely appeal to only the most avid devotees of cinema and mainstream audiences should look elsewhere. I personally grew quickly bored with the slow pace of the film and found myself fast-forwarding through the empty spaces - and there are many - between dialogue, plot development, and denouement. ""Distant"" is a very nicely done bit of esoterica. (B-)",1,negative,0.85
32107,"Man On Fire tells a story of an ex-special forces guy with a drinking problem who accepts a job as a personal bodyguard of a little girl in Mexico during the wave of kidnappings for ransom. At first he's not to friendly, but then they befriend with each other, he decides to stop drinking etc., etc... then one day she gets kidnapped... and killed...<br /><br />And HE, won't stop at anything to get the revenge.<br /><br />That's basically the story of Man On Fire but expect some big twists at least a few times including the ending which is beautiful and will probably make you cry.<br /><br />That's also because of the great music Harry-Gregson Williams with Lisa Gerrard (Gladiator) composed.<br /><br />But the strongest part of the movie... wait... the thing is, everything here is perfect.<br /><br />First - acting. Denzel Washington is at his best, Mickey Rourke and Christopher Walken good as always, great Radtha Mitchell and AMAZING young Dakota Fanning. And that's not the end of the list...<br /><br />Then come the cinematography which is dazzling and along with superb editing, should have won an Oscar for sure.<br /><br />The story is... not just a revenge movie. The story is intelligent, the story makes you think... and is pure beautiful. Really.<br /><br />This is one of those movies you need to see in your lifetime, at least once!",1,neutral,0.7
41071,"**Warning - this review may contain spoilers ** <br /><br />The idea behind the character of Danny (Jet Li) is a good one - young boy is taken by hoodlum and raised to behave like a vicious pitbull, controlled mainly by whether his collar is on or off his neck.<br /><br />However, the writer did not know how to deliver this idea within the constraints of believability.<br /><br />He has Danny meeting a blind pianist, Sam (Morgan Freeman), who has to be the most trusting fool a man ever was - along with his nit-wit, endlessly babbling, rather unattractive step-daughter, Victoria (Kerry Condon). I was stunned, by the way, when I learned Victoria was supposed to be 18 - she looked 25 or 30 to me.<br /><br />Amazingly there is no romance between Danny and Victoria.<br /><br />When Danny turns up again, wounded, what does Sam do but take him straight home. Danny is out for 2 days, but do these nit-wits take him to a hospital? Nooooo. I don't know if they even called in a doctor.<br /><br />Now Danny is obviously not a mentally stable person, this is apparent from the get-go, yet Sam takes him into his home, where both he and his step-daughter could have been seriously harmed or even killed by this rather strange, young man.<br /><br />Why Morgan Freeman took this insipid role in this asinine film I can't even begin to guess. Surely Mr. Freeman is not that desperate for a paycheck.<br /><br />Then we have Bob Hoskins as Bart, the gangster who ""owns"" Danny - now you talk about a son of a gun that's hard to kill. The car Bart is in gets riddled with bullets that would have rivaled Bonnie and Clyde's demise. We think he's dead, but no.<br /><br />Then we have another car accident - and yet again, ol' Bart escapes unscathed.<br /><br />In addition to that, we also have Danny fighting half a dozen tough guys at a time, plus a scene where Danny has decided he doesn't want to fight any more. I don't care how much a person doesn't want to fight, when it is down to the wire of you fight or you die, I think anyone would fight.<br /><br />As I said in the subject heading - this film is about 40 miles outside the boundary of reality as we have come to know it. It's not just a case of suspending belief - it's completely beyond that.<br /><br />Furthermore I never did understand why Danny's mother who turns out to be a nice lady, rather than the prostitute Bart claimed she is, became mixed up with Bart and his gang and got shot. Maybe that was my fault, I got distracted right about the time that scene came on--but it seemed highly unlikely she and Bart would have ever crossed paths.<br /><br />4 stars out of 10 - and that's being generous.",0,negative,0.85
31135,"I'm a huge Zack Allan fan and was disappointed that he only got one scene in the movie. This was also my favourite scene where he confiscates a character's weapons and directs her to Down Below. Unfortunately unlike Thirdspace & River of Souls, most of the action took place off station. I didn't care much for Garibaldi after the first three seasons and think Sheridan is okay but no Sinclair. I like Lochley but she only had limited screen time. If you like Crusade or space battles you should enjoy it. Personally I can only give it 1/10.",0,neutral,0.75
28512,"The premise may seem goofy, but since Murphy's character doesn't take it seriously, it helps ease the audience into this mix of mysticism and modern-day hard-boiled child abduction. Excellent cast, particularly Charles Dance and Charlotte Lewis, and Murphy is at the height of his 80's peak in comedy/action. There's also some great F/X, a very surreal dream sequence, and a fairly original plot. Often overlooked in the pantheon of Murphy flicks, but this one is worth a look.",1,positive,0.95
34599,"After Harry Reems' teenage girlfriend is raped by Zebbedy Colt (The Night-Walker), Reems becomes despondent and consoles himself by having sex with some lesbians. Meanwhile, Colt, who carries a cane and dresses like a magician, rapes some more women. Eventually, Reems decides to track him down and end his crime spree. Despite being shot on film and marginally nasty, it looks like any other 70's porno and is ineptly executed. The rape/abuse scenes are surprisingly restrained and the attempt to cash in on ""Death Wish"" is laughable. R. Bolla (""Cannibal Holocaust"") plays a cop. Colt, who is usually over-the-top, wigs out in a couple of scenes, but he's too well behaved for my money. This roughie could have been much rougher.",0,negative,0.85
46272,"Maybe I expected too much of this film, but at the very least a comedy should be funny, and this one has very few amusing moments. It manages to be insulting to homosexuals, heterosexuals, women, the obese, and probably several other groups as well. The scene at graduation where _everyone_ claims to be gay is one of the most distasteful I have ever seen.<br /><br />Tom Selleck and Matt Dillon are ridiculously miscast and Kevin Kline seems bemused most of the time.<br /><br />Other reviewers compare the film to ""Will and Grace"", but at least ""Will and Grace"" _is_ funny.",0,negative,0.95
17181,"I've always been a fan of Chuck Norris for what he's accomplished and his movies. For while I had been meaning to watch this film, but for whatever reason didn't have chance. Apparently I didn't miss much. This has to be one of Chuck's worst films. So this trucker, Billy Dawes (Augenstein) is given the chance to make his delivery, but on the way he is detoured and forced into a jerkwater town where a foolish local corrupt Judge Trimmings (Murdock) who runs the whole town, has him arrested and phony charges brought up on him. He denies the charges and makes a run for it. The local hick cops beat him and he disappears. But now his brother JD John Dawes (Norris) another trucker goes looking for him. He soon finds that the town is run buy the loser judge and that his brother is nowhere to be found. Not long after he begins to beat off just about everyone in town. In the meantime the female of the film calls on local truckers on a CB radio, and they all come rushing into town demolishing it. LOL with there big rigs. Eventually Norris finds his brother and beats off more thugs.<br /><br />This movie was pretty bad. It actually starts off OK and you feel great when Norris starts to smash some of these local corrupt cops, because there such losers. But there is virtually no story, the acting is bad, and the ending ..well it doesn't really have one. The Judge has his house rammed into by a big rig and you never know what happens. Does he live? Norris never even gets to trash him. In the meantime Norris takes on some thug cop at the end. Who cares? Norris also manages to take on everyone in town, gets his hand broken and shot in the side and goes on to keep fighting. Come on! This movie was apparently made to cash in on the CB craze of the time, why there was one is beyond me. They barley even use the CB's in the movie. Adding to this, the movie near the end seems to drag on and you wonder why it's not over yet. This movie is bad, but if you're bored and need something to watch it will pass the time. As far as Norris he went on to make much better films than this. 3 out of 10.",0,negative,0.85
19324,"After seeing the previews awhile back, I looked forward to seeing Steve Martin in a comedy that I thought might be a keeper. Unfortunately, I was wrong. Problem was, the previews were the only funny parts to the movie. The rest of the movie was pretty much a bunch of junk, scenes that have been done to death and characters we've all seen a thousand times.<br /><br />This movie was proof positive that if you put enough cash on the table, you can talk anybody into anything. Steve Martin is a favorite of mine but this one was a big clunker. The only actor in the movie who was worth watching was Eugene Levy; he was the best of a mighty lame group.",0,negative,0.95
10765,"Woody Allen has lost his ability to write dialogue or characters that are clearly distinguishable from each other. This is the case with ""Melinda and Melinda,"" where all the characters speak with Allen's generic pseudo-sophistication and have problems and points of view that are not relatable to anyone outside of a four block radius of where Allen lives. They also share the same curious condition of being able to afford multi-million dollar Manhattan apartments that appear to have been designed by professional decorators regardless of their financial situation or what they do for a living.<br /><br />The only character who exists outside of this dull mindset is Will Ferrel as the obligatory Woody Allen surrogate. Although he does not simply come off as merely doing a Woody Allen impression (like Kenneth Branagh in the god-awful ""Celebrity""), Ferrel lacks the charm or charisma that the real Woody had when he was playing the part himself in his best movies.<br /><br />The end result is another in a string of self indulgent bores from a once-great filmmaker who has been trading in on his former reputation for years.",0,negative,0.95
39689,Arthur is middle aged rich 'kid' who drinks like a fish. Arthur does what he feels like and says whatever comes into his mind. He likes to boast about his riches and knows that he is a spoiled brat. He spends money on people he don't know and finds everything funny. Arthur must marry a high class girl to inherit a big fortune but he falls in love with a poor waitress Liza Minnelli (she looks really weird).<br /><br />This is a damn funny film. I watched this film because a very famous Indian film 'Sharabee' is based on the character of Arthur. Although 'Sharabee' is definitely inspired by 'Arthur' I think they are two different films. 'Arthur' is just fun. Its very corny at times. There are so many fantastic one liners in the film. Its not a laugh riot but it has some fantastic moments. My favorite scene is when Arthur meets his fiancé's father and he keeps talking about the 'moose'. Duddley Moore sure has some comic timing. He is very good with words and body language. I loved the scene where he talks standing to a seated couple in the hotel about a 'small' country and he keeps talking to husband and wife in two different directions. John Gielgud got an Oscar for this film. I don't know that actor. I don't think he did a great job but may be if I watched more of his work I may agree in future. Movie has some flat patches but not very long ones. looking forward to watch the sequel.,1,positive,0.85
37826,"The story of Sweeney Todd evokes memories of the work of classic writers like Charles Dickens, and more contemporary writers like Edward Gory. As a musical, it naturally becomes more like the musical Les Miserables. Both deal with the grim effects of poverty in the Industrial Revolution, and the breakdown of organized society. But this musical is different from Les Mis in one very important aspect: Stephen Sondheim, the songwriter who can adapt to any style. To be sure, he's had his successes and failures, but one thing about his shows you can always count on: They will be something unique. Who would have thought someone would write a musical about a barber who slits people's throats and makes them into meat pies? Sondheim did, and he did it marvelously. The entire show is set in a factory, to suggest the ever-present catastrophic effects of the misery of those at the bottom of society, and this serves the needs of the show perfectly. The catwalks and railings are moved throughout to suggest streets and walkways and bridges. Techniques are borrowed from Kabuki and Noh, with the visual stagehands and set changes. Then, to top it all off, cast the great Angela Lansbury as the gruesomely practical and humorous Mrs. Lovett, and George Hearn, with his operatic baritone voice, as the murderous Todd, and you've got yourself a stellar musical vehicle. The rest of the cast moves smoothly through the clichés of the love story perfectly, except for Johanna and Pirelli, who sound a bit too forced. If the Johanna and Pirelli from the Broadway show could be here, it would be perfect. Hearn acts while he sings more than Len Cariou on the OBC album, and the accents don't sound as forced here. Through it all Sondheim's score never fails to underline the dark seriousness of the story. As I said, he can adapt to any style. In Follies he imitates the '30s '40s style of showtunes, in Pacific Overtures he captures the subtle art of Asian music, Into the Woods knocks off the 32 bar Disney style songs, and Assassins covers a history of American music. Here, however, he does wonders in making his score distinctly English, from parlour songs to operatic duets and soliloquies to society waltzes to Gilbert/Sullivan style patter. And yet still, the show remains deadly serious, even though it provokes more laughs than any musical comedy. In it still, is a grim warning on the evils of taking revenge. Here is where this movie makes a mistake, in cutting the Judge's solo in which he flagellates himself out of guilt for his crimes. Without it, the Judge is just a conventional villain, and this movie's point is that there are no straight villains. Both Todd and the Judge learn, too late, the horrors of having to accept responsibility for their actions, and Todd loses everything in his obsession. This is well brought out by the chilling reprise of the grim yet rollicking Ballad of Sweeney Todd, ending the show with Todd and Lovett rising from the grave to tell us that the end is the same: in a world full of Sweeneys, vengeance begets only vengeance. ""Attend the tale of Sweeney Todd. He served a dark and a vengeful God. To seek revenge may lead to Hell, but everyone does it, and seldom as well as Sweeney, as Sweeney Todd, the Demon Barber of Fleet Street.""",1,neutral,0.85
48732,"As Peckinpah did with STRAW DOGS, and Kubrick with A CLOCKWORK ORANGE, director John Boorman delivers an effective film about Man's violent side in DELIVERANCE, arguably a definitive horror film of the 1970s. Burt Reynolds, Jon Voight, Ned Beatty, and Ronny Cox portray four Atlanta businessmen who decide to take a canoe trip down the wild Cahulawassee River in northern Georgia before it is dammed up into what Reynolds calls ""one big, dead lake.""<br /><br />But the local mountain folk take a painfully obvious dim view of these ""city boys"" carousing through their woods. And the following day, continuing on down the river, Beatty and Voight are accosted and sexually assaulted (the film's infamous ""SQUEAL!"" sequence) by two vicious mountain men (Bill McKinney, Herbert ""Cowboy"" Coward). Thus, what started out as nothing more than a lark through the Appalachians has now turned into a nightmare in which our four protagonists come to see the thin line that exists between what we think of as civilization and what we think of as barbarism.<br /><br />James Dickey adapted the screenplay from his own best-selling book, and the result is an often gripping and disturbing shocker. Often known for its ""SQUEAL!"" and ""Dueling Banjos"" sequences, DELIVERANCE is also quite a pulse-pounding ordeal, with the four leading men superb in their roles, and McKinney and Coward making for two of the most frightening villains of all times. A must-see film for those willing to take a chance.",1,positive,0.85
30719,"It seems at least vaguely possible that this movie provided a bit of inspiration for ""The Sopranos,"" as its main character, Martin Blank (John Cusack) is a hit man who has so many issues from his past and his profession that he's in therapy trying to deal with it all. Everything finally comes to a head at his 10-year high school reunion. The problem was that by the time Blank got to the reunion I had stopped caring. Frankly, I found this movie a drag from start to finish.<br /><br />It had potential. There was a reasonably good cast, headed by Cusack and Dan Aykroyd, playing Grocer, his arch-rival in the hit-man business, along with Minnie Driver as Debi, Blank's high school sweetheart who he stood up on prom night, and a limited role for Alan Arkin as Dr. Oatman, Blank's psychologist. That fairly talented cast never really seemed to come together, though. The drama lacked intensity and the comedy lacked real humour. What I thought had the most potential to be a comedic storyline was Grocer's proposal for a hit man's union, but aside from becoming a bit of a running joke, the idea never really got developed. As for the romance, one wondered why Debi would even think of letting this guy back into her life.<br /><br />There were a handful of chuckles, but nothing really caught me and held me and I spent most of the movie wondering whether this thing was ever going to start to click. It never did - not for me, at least. 2/10",0,negative,0.95
24581,"I saw The Big Bad Swim at the 2006 Temecula film festival, and was totally caught off guard by how much I was drawn into it.<br /><br />The film centers around the lives of a group of people taking an adult swim class for various reasons. A humorous idea in its own right, the class serves as a catalyst for greater changes in the students' lives.<br /><br />What surprised me about the film was how real it felt. Rarely in ensemble pieces are characters treated so well. I enjoyed the scenes in the class immensely, and the drama that took place outside was very poignant. Nothing seemed out of place or out of character, and ultimately it left a very strong feeling, much like attending school or summer camp - where you find fast friends, form strong bonds, and make discoveries about yourself, yet have to depart all too soon.<br /><br />My only complaint was that the character of Paula had a very strong and unusual introduction, which made you want to know a little more about her than was ultimately revealed. I suppose you don't get to meet everyone in class, though...<br /><br />Aside from this, I found the film very well-rounded and quite enjoyable. See it if you get the opportunity.",1,positive,0.95
19606,"This movie is fun to watch. If you liked ""Dave"" with Kevin Klein, you will get a kick out of this. Think ""Dave"" gone South American as Dreyfus plays Jack Noah, an actor between jobs, who is hand selected by the head of the island nation of Parador's secret police, to replace the drunken sot of a dictator, Alfonse Simms, after he has had a heart attack and died. Noah bumbles along, aided in his role by the ex-dictator's mistress, as they attempt to thwart the plans of Raul Julia. Jonathan Winters also makes an appearance as a hearty American émigré who turns out to be CIA. ALso starring Polly Holiday and Fernando Rey. <br /><br />There are a few absurd moments such as the body of the old dictator be kept frozen for a year, and the final scene, where Sonia Braga, who has bee cradling the bloody, bullet riddled body of Dreyfus is seen moments later all in pristine white, with nary a smudge on her. But all in all it is a great romp.",1,positive,0.95
24320,"*SOILER* It's fake! The whole thing is a fake! There is no ghosts or zombies, Alan is a Lord and his cousin or brother or half brother or something like that wants the castle and his title for himself. So he invests this overly complicated and needless pointless plan ala SCOOBY-DOO to drive Alan to commit suicide. Most of the movie is him picking up redheads and attacking them. He's not even killing them. He drops off to sleep and the girl vanishes and he thinks he buried them someplace. If he looked at the so-called ghost of Evelyn, he could tell she was wearing gloves! My God what a waste of time. Don't bother watching it, renting and if you bought it and haven't watched it yet, sell it. Quickly! Do yourself a favor and stay away from THE NIGHT EVELYN CAME OUT OF THE GRAVE. I give this stinker the CRAP-O-LANTERN.",0,negative,0.95
27102,"""The King is Alive"" is a flawed and contrived mess of a movie which comes off like a self indulgent auteur's excuse to transport a bunch of actors to a Godforsaken Namibian desert where he can play major-Dogme-domo and film his selfishly conceived, silly, overwrought drama with utter disregard for the real forces of human nature, market appeal, common sense, and even good art. In other words this is one dumbassed flick and if you don't believe that, your penance is watching it. Only for filmheads, critics, dilettantes, and the like. (D)",0,negative,0.95
34006,"Keys to the VIP, an original series by the Canadian Comedy Network (comedynetwork.ca) scored big with this entertaining, yet inspirational gameshow. This show is hosted by four funny, good-looking guys who judge others on their 'game' (ability to pick up women). Each episode features two guys who go head-to-head in various pick-up games. There are three different sections and the winner scores a night as a VIP in an exclusive Toronto night-club.<br /><br />Being a guy, I naturally find this show hilarious. We all know that it's hard to confront women and watching these guys do it naturally sparks the curiosity of men. The guys who compete on this show might even give you a few pointers -- if you pay attention.",1,positive,0.95
48162,"This is one of the most brilliant movies that I have seen in recent times. Goes way above even any international movie of any repute. I am really surprised why this has not received the recognition it deserved. Sonali Kulkarni winning the National Award is perhaps the only consoling fact. Renuka Daftardar simply amazes as she speaks volumes through her eyes. There are a few scenes that stand out: When Gauri comes back from the city on Krishna's wedding, she and Krishna meet for the first time in many years. Krishna notices a change in Gauri, but not a single line of dialogue is said. The entire gamut of emotions is conveyed through subtle mannerisms and the eyes. There's another towards the end when Krishna pleads to Abhay Kulkarni to marry Gauri instead. If you are not moved by that scene, you don't have a heart.<br /><br />Watch this movie for sheer movie-making brilliance and acting capabilities.",1,positive,0.95
5885,"what kind of sh*t is this? Power rangers vs Freddy? It was watchable and as good as the first film in the beginning but from the part where the protagonists get super powers in theirs dreams, it started to become childish. This sh*t should have been rated PG or PG-13 rather than R. I expected to see some very mature stuff but it was only for the 1/3 of the film. The rest are for little kids. Plus it's focused too much on Christianity. I know Freddy's a demon but there are many religions that have different ways to fight demons. Why does it always have to be Christianity? This is total Orientalism and filled with white men/westerner's superiority. Don't' watch this, show it to little kids who loves power rangers.",0,negative,0.85
20127,"You know, this is one of those ""Emperor's New Clothes"" films. It's like, so off the wall and strange that you're SUPPOSED to like it if you're really into film. Well, I think that's a bunch of bologna. Films like this which hide under the cloak of Dada or surrealism make me nuts. Some person has this bad dream, perhaps brought on by eating the aforementioned bologna right before going to bed, remembers most of it (unfortunately) and then puts it on film and we're all supposed to marvel at their creative genius. I have bizarre dreams too, sometimes, that make absolutely no sense but I don't feel the need to put them on film, expose everybody else to them and call it art. Weirdness does not, in of itself, mean something is interesting. True Dada or surrealistic expression has SOME intent and intellectual thought behind it. If other people don't get it, that doesn't make it profound, it just makes it incomprehensible. Bizarreness for bizarreness sake, for me, is not good, let alone great, art. And comparing ""Tuvalu"" to ""Delicatesen"" is like comparing ""The Godfather I & II"" to ""The Godfather III""---same genre, NOT in the same league.",0,negative,0.95
44519,"The tweedy professor-types thought they had it all figured out. Today's peoples who inhabit Polynesia descended from migratory Asians, intrepidly moving from the Far East, island to island, eastward into Tahiti and all the other exotic tropic isles of the South Pacific over thousands of years. But the established thinking just didn't sit well with young Norwegian ethnographer Thor Heyerdahl. If that explanation were true, how come some folks born and bred in those islands have traditions, artwork, and physical features resembling not those from Asia, but South America? How can the vegetation of Ecuador, Peru and Chile look so much like what you'd find on the island several thousand miles away? Is it just a coincidence that the Islanders point out to sea in the direction of South America and say that is where their ancestors came from, led by Tiki, their equivalent of Adam? Meanwhile, how is it Norwegians speak of Scandanavian forerunners who were chased from the South American continent they had colonized, and, together with some of the native peoples they befriended, set off over the sea -- heading WEST? It's all too much to be a coincidence to Heyerdahl. With an amazing amount of moxie, a handful of crewmen, and the local know-how for traditional raft-building, an expedition begins. It's as much a trip into the human imagination as it is a pseudo-scientific demonstration that such a journey is possible with only the very basics of tools and seamanship. The Oscar-winning documentary may be dated in its tone and Anglo-ethnocentric approach, but it soars with a spirit of adventure besting even the space program that launched a decade later, as men are willing to risk it all to test a theory they think is true. Wonderful. Do yourself a favor and read the book first. It is an amazing page-turner and the perfect setup for the newsreel-style movie.",1,neutral,0.85
37500,"""Shower"" is an story about loyalty, about the unstoppable advance of modern world in the detriment of rather traditional and more human ways of life. A man forced to choose between his successful career in business, his big-city life, his wife, and his retarded young brother. The eternal doubt between what we WANT to do and what we SHOULD do. The modern China versus the ancient one. The public baths with its gatherings, its cricket fights versus the shopping centres and the skyscraper. Lots of old men and women that are no longer needed. China, one country, two systems, as Xiao Ping said ... though one of them is killing the other. <br /><br />Tender, moving, full of funny moments, and of bitter-sweet ones.The sensitive ones will cry and laugh equally. The actors are enormous, especially the one who performs the role of the retarded boy; and Yang Zhang makes a good job, easy, simple, letting the story just flow by itself.<br /><br />My rate: 8/10",1,neutral,0.85
48090,"Odious Chuck Norris decided to put one final nail in the coffin<br /><br />containing his film career before going to the safe world of CBS<br /><br />Saturday night carnage with this hysterically bad supernatural<br /><br />actioner.<br /><br />For such a dumb movie this thing sure is plotty. Norris is Chicago<br /><br />cop Frank Shatter. First off, what kind of last name is ""Shatter""?<br /><br />Have you ever met any Shatters? Genforum.com has no listing for<br /><br />the last name Shatter, which opens up any half clever viewer to<br /><br />replace the ""a"" in Shatter with an ""i."" He and his partner, Calvin<br /><br />Jackson, do the same old buddy cop routine you have seen<br /><br />before: make funny with the pimps, and make their captain mad.<br /><br />Jackson, looking like the theoretical love child of Whoopi Goldberg<br /><br />and Rick James, quickly wears on the nerves with his constant<br /><br />complaining and Eddie Murphy-patented facial expressions.<br /><br />Shatter and Calvin become involved with an emissary of Satan,<br /><br />whom we are introduced to in the too long opening scenes.<br /><br />Prosatano is a demon who is locked in a crypt by King Richard the<br /><br />Lionhearted. The demon's scepter, from which he gets his power,<br /><br />is busted into nine pieces and hid in nine different parts of the<br /><br />world by holy men. In 1951, some grave robbers accidentally let<br /><br />Prosatano out and he begins collecting the nine pieces. He<br /><br />disguises himself as an antiquities professor named Lockley and<br /><br />always happens to be giving a lecture where a holy man is killed<br /><br />and a piece of the scepter is taken.<br /><br />Norris brings in his ""Walker: Texas Blunder"" cohort Sheree Wilson,<br /><br />who plays Lockley's assistant. She helps Norris with his<br /><br />investigation, they make goo goo eyes at each other, and our<br /><br />intrepid investigators travel to Israel after a rabbi is killed in<br /><br />Chicago. While in Israel, Calvin is given even more to complain<br /><br />about: the heat, the lack of restaurant accomodations, the lousy<br /><br />drivers, and the fact that he is missing the Chicago Bulls playoff<br /><br />games. Norris even manages to work a cute Israeli kid into this<br /><br />nightmare. Bezi steals Calvin's wallet, and hangs around the men,<br /><br />leading them around Israel and not arousing any sort of<br /><br />appropriate suspicion.<br /><br />Eventually, Lockley (Prosatano) assembles all of the scepter<br /><br />pieces, but needs the blood of royalty to complete the ceremony<br /><br />and call up the devil. Where to find royal blood? Well, Sheree's<br /><br />father is a duke! She has an American accent but she is the<br /><br />screenwriters' convenient method of forcing this monstrosity<br /><br />toward its inevitable conclusion. Sure, this minion of Satan may<br /><br />have killed countless hundreds over the years, but how is he<br /><br />gonna do against a good old fashioned American butt kickin'?<br /><br />After Prosatano has been vanquished, killed by his own scepter (I<br /><br />envied him, he did not have to watch Bezi steal Calvin's wallet<br /><br />again), we are treated to an awful coda involving a bearded man<br /><br />who has been watching Shutter, I mean Shatter, and Calvin on<br /><br />their quest. You see, it was foretold...somewhere...that two<br /><br />warriors from the west would defeat Prosatano. The silent<br /><br />bearded man who watched over the couple was none other than<br /><br />Jesus...I kid you not. He is listed as ""Prophet"" in the end credits,<br /><br />but you and even your pets will recognize the subtle Christian<br /><br />reference the film makers are trying to exhibit here.<br /><br />Like in ""I Use a Walker: Texas Ranger,"" Norris is aging and cannot<br /><br />get into his fight scenes too much anymore. He kicks a lot, and<br /><br />people fly over furniture in slow motion, and then Norris gives all of<br /><br />his line readings in that monotone voice of his. Oh, what a real<br /><br />director might be able to fashion out of him! His brother, Aaron,<br /><br />who has directed him in other films as well, has no sense of story<br /><br />or momentum. Scenes are thrown in for ego's sake, not to<br /><br />entertain. The scenes when the dynamic duo first meet Bezi drag<br /><br />on and on, and then Bezi is not all that important to the rest of the<br /><br />film.<br /><br />The film was shot on location in Israel, which means the<br /><br />Americans could insult the Israelis in person. There is not one<br /><br />likeable Israeli character here. The Israeli police captain is a jerk.<br /><br />The cops' driver does not know English, and Calvin convinces him<br /><br />that the word ""sh*tty"" is a compliment. Nothing funnier than<br /><br />mocking those stupid foreigners on their home turf, especially<br /><br />when all this racist humor is coming from an American minority<br /><br />who would have been more than offended if the tables were turned<br /><br />and the Israeli cop was mocking the African-American cop in<br /><br />Chicago.<br /><br />This film is badly written, badly acted, and badly directed. It does<br /><br />not work as action, cop drama, or even horror. It just shows that<br /><br />the now defunct Cannon Studios was willing to throw their money<br /><br />into anything, no matter how badly it was planned. ""Hellbound"" is<br /><br />surely a most adequate title. I disliked this movie intensely.<br /><br />This is rated (R) for physical violence, gun violence, strong<br /><br />profanity, some sexual references, and some adult situations.<br /><br />",0,negative,0.95
48106,"""October Sky"" is a film that will steal your heart, fill your mind with vivid imagery, and lift your spirit. The tale of Homer Hickham and his dream of creating a rocket seem so simple at first, especially when the film is set in a mining town, where the future is as clear cut as the lumps of coal in the mine. But Homer cannot follow in his father's footsteps. With the encouragement of Miss Riley,(a friendly teacher), members of his father's staff, and his friends, Homer attempts to make his dream a reality.<br /><br />Yet as in any true to life story, there are many stops along the way. Director Joe Johnston lowers us into the coal mines, where we witness the chilling plight of miners stooped beneath a ceiling of rock. With lit helmets and bent posture, they resembled alien insectoids more than humans in the darkness. The hacking coughs of the miners and the blackened faces were a constant reminder of the danger the miners faced in their work.<br /><br />Contrasting the mine shaft's lugubrious load are the images of Homer and his friend's rocket launches. Underneath the blue bowl of sky, rockets are placed upon a pad and launched into the stratosphere...And nothing can match the scene when Homer sees Sputnik for the first time.<br /><br />Yet what makes the film so endearing is the relationship between the characters. Homer's father is a classic hardened man...but he has a soft side as well. We see that he does love his son, despite their many arguments. The love and support of Miss Riley is evident as well. Best of all, the film is uncomfortable. It doesn't tie everything up in a nice bow. It tears at you, lifts you up. It keeps an air of reality, which is important in a film like this.<br /><br />This film can be considered a complete work. At first, I was disappointed that the film did not continue with Homer's life. I didn't want it to end. Then I realized...that's what a good film does to a person. If it has done its job, you won't want it to end. And ""October Sky"" accomplishes just that.",1,positive,0.95
6703,"A lot people get hung up on this films tag as a ""children's film"", and that it certainly is, though it is one made for adults. Takashi Miike uses the fantasy genre, particularly, the children's fantasy genre, as a springboard into the wild territory that is the Great Yokai War.<br /><br />The setup is simple a boy is selected to play the ""hero"" in this years annual festival, only to discover his role is much more real than he could have imagined. What follows is a hallucinatory, grotesque, whimsical, and often funny journey through the world of Japanese folklore, but wait there's also an evil Villain on the lose who wants to destroy the world. However, the villain here, is not a mere demon, it is the demon-spirit of the accumulated resentment of those things which humans ""use"" and ""discard"". Usuing a chamber made out of pure liquid hate/resentment, the villain transforms the vibrant colorful Yokai spirits into soulless ten foot tall makeshift robots which chainsaw for arms and eyes like burning coals(those whove played the video game, Sonic The Hedghog, might remember a certain Dr. Robotnik performing similar procedures to the cute and cuddly's who Sonic had to then ""liberate"").<br /><br />The hero in this film is actually the least interesting character, essentially playing the straight man, in a world gone suddenly mad. Though he does go through the typical heroes trials he more often than not cowers, as do many of the Yokia themselves, who seem truly defenseless against the murderous robots, some spirits being umbrellas with eyes, talking walls, or creatures whose soul purpose in life is to count beans...of course in this magical world of Miike's Yokai war even beans take a magical power when one believes in them.<br /><br />In several ways this film subverts the normal conventions of children's fantasy, as few, if any, of the characters are heroic, their victory being a combination of happenstance, almost arbitrary faith, and a desire to party. The Yokai spirits, only rally together and lay siege the villains hideout, after they mistake the end of the world invasion of Earth for a great Yokai festival, and even then only to dance and party. Also the film ends not with the usual celebratory all's well that ends well fantasy ending, but with a final scene, showing our hero years older, with an adult job, now unable to see the Yokai spirits of his youth, who then despondently turn to the villain, who being a spirit can never really die. This ending, with it's Yokai spirit who is the spitting image of Pokemon's Pikachu, warns us not just of leaving behind our childhood selves, but of the horrors of over-consumption. The villain is resentment caused when humans no longer have reverence for the world and the objects around them(in Japanese folklore nearly every object has some kind of spirit), and so when they are used and discarded as we in consumer societies do without reverence, they become soulless vengeful machines, not unlike those seen in modern video games, suggesting that though our imaginations and myths do not ever really die, but can become deformed.<br /><br />This is one of the first scripts Miike has contributed to, and I believe it shows, as there's a tightness conceptually that sometimes gets swept under the rug by his exuberance for visual playfulness. Though I've focused mostly on the story (since lots of users here seem to write it off), I do want to say that visually it's a kaleidescope of CGI, stop animation, costume, and live puppetry, that works remarkably well. There's a dreamlike quality to a lot of the film, and the Miyazaki comparisons are warranted, as are the NeverEnding Story and Labrynth comparisons, though this film is sharper and more adult than either. The Yokai are beaten, brutalized, and turned into machines of living hate, who I believe even kill a few humans, a deformed aborted calf with a mans face is born and dies in the films grotesque opening, while a sexual undercurrent, the women with the long neck licking the face of our boy hero, or another characters persistent memory of touching the thigh of a young scantily clad water spirit as a boy, seem to linger a bit too long for most western tastes, especially when considering this is a ""children's film"". However these are slight enough to catch adult attentions while minor enough, not to traumatize any children to bad. Grims fairy tales, before revisions, did much worse, far more often.<br /><br />All and all this is one of Miikes most accessible and engaging ventures yet, with enough visual drama and great performances(the Yokai spirits have a humanism and an absurd humor to them, thats laugh out loud funny at times) to appeal to audiences of all ages, and a steady conceptual undercurrent strong enough to draw in an adult audience who have presumably brought their children or else come out of a sense of nostalgia for the long lost fantasy films of their youth. The latter group the film seems to address the most fervently asking that they not just continue passive consumption of the world around them, but show reverence to those spirits within them which seemed so much closer to reality in childhood. Another beautiful, funny, and truly original film from a thrilling director who hasn't come close to his apex. Instant classic.",1,positive,0.85
11703,"Even though it has one of the standard ""Revenge Price Plots,"" this film is my favorite of Vincent Price's work. Gallico has that quality that is missing in so many horror film characters- likeability. When you watch it, you feel for him, you feel his frustration, the injustices against him, and you cheer him on when he goes for vengeance, even though he frightens you a little with his original fury. As the film goes on, his character becomes tragic. He's committed his murder, but now he must kill to cover that up. And again to cover that one up. And again... your stomach sinks with his soul as it goes down its spiral- like watching a beloved brother turn into a hood. Even if the revenge story is of old, the plot devices themselves are original- Gallico uses his tricks to kill in more and more inventive ways. A shame this one isn't available for home veiwing.",1,positive,0.95
11329,"The most positive points in this film were the credits (text style) and some moments in Ice-T's acting. The story-line; two rival gangs having to fight it out, with the sub-plots of betrayal, power and change are well worn plots but in this case painful(very) to wade through. The decrepit scenery, which added slight believability in places, and questionable lighting, constantly distracted from any interest/identification with the characters (the shine off of the actress's forehead/nose was blinding, not to mention other scenes with the same problem.) Not even half way into the film I wanted to know more about how and why it came about as opposed to what was going on on screen. A disappointment if you have seen Ice-T in other roles. Kudos to other actors/actresses who seemed to get into their roles despite the weak direction; Corrupt's side kick and the other restaurant worker.",0,negative,0.85
41833,"Note that I did not say that it is better...just more enjoyable. The lack of social commentary and realism helps keep things moving.<br /><br />I was actually sort of surprised that this was not a Troma movie, as it has all the Troma trademarks, including spewing acidic liquids, wisecracks from the villain after every murder, a ridiculous bathtub rape scene (which is sort of hard to get upset about, since the rapist is a snowman), and dumb deputies.<br /><br />There's a lot to love: <br /><br />1. A snowman, about whom it is remarked that he has no legs or feet, drives a police cruiser around town.<br /><br />2. Even though it is supposed to be close to (or below) freezing, nobody's breath shows and there are no signs of car exhaust when cars are running.<br /><br />3. The snow reminds you more of flocking or Styrofoam peanuts than actual snow.<br /><br />4. A teenage girl gets the hots for her boyfriend just a few hours after her brother is gruesomely murdered. She talks him into breaking into the sheriff's house, of all places, in order to get it on. But first, she tells him that he has to build a nice fire in the fireplace and open some wine.<br /><br />5. After teen-aged Jake's head is cut off by a sled runner, his father argues with the sheriff about whether Tommy, the sheriff's son, had anything to do with it. The sheriff maintains that Tommy wouldn't have been fighting with Jake because Jake ""is at least two feet taller than Tommy."" At that moment, someone in the background chimes in, ""Not anymore!"" <br /><br />6. When the evil snowman finally starts to melt away, the sheriff wrestles with a flat snowman made out of some sort of fabric for an extended period. This is much better than Tarzan wrestling with rubber crocodiles or gladiators wrestling with stuffed lions. If I were an actor, I would not have been able to keep a straight face at this point.<br /><br />All in all, a fun film. There's not really even that much blood.",1,positive,0.85
43532,"HLOTS was an outstanding series, its what NYPD Blue will never be, on HLOTS the plots are real, the dialog is real, the Relationships are real. With HLOTS back as a movie, Tying up all the loose ends, it was good to have all the gang back together, even a few that passed away show up (wont say how) The storyline was fast paced, emotional and full of the spirit the series had week in and week out. Homicide , Life on the Streets, Network drama at Its BEST!!!! 5 STARS!!!! Thumbs UP and all That. Thanks NBC for giving us the Finally we didn't get!",1,positive,0.95
41256,"Best fan boy movie I've ever watched save ""Free Enterprise.""<br /><br />In some ways it reminded me of an early Kevin Smith film.<br /><br />If you do any kind of role playing, this movie will likely have you laughing often at its insatiable fun. Don't expect a big budget here, the acting is also questionable at times, but it really adds to the fun of the atmosphere they create. The script is truly humorous with a lot of witty moments worth experiencing.<br /><br />The bard that always gets killed had me rolling. The sexually confused player also had me smiling a bit too. But in the end... It was just a great movie showcasing some better moments in the lives of a few geeks having a great time with role playing.<br /><br />If you are bored, and ever got into role playing, this will do nicely for a distraction. A real unexpected treat.",1,positive,0.95
20951,"The animation was fab and the film funny. The two circus bugs, Tuck/Roll were very funny. If you waited till the credits at the end, you saw a very funny sequence of film, where they showed the bugs pretending to do things wrong like in other movies, that was clever as it made the characters more human and beliveable.",1,positive,0.95
27798,What can I say? I know this movie from start to finish. It's hilarious. It's an strong link to my past and will change the way I view film in the future. Hypothetically speaking :) The down-fall? There's no Socrates Johnson!,1,positive,0.95
22544,"I love this movie very much i watched it over and over. I don't see why anyone would think this movie wasn't good. Maybe you have seen better or whatever it is i personally love it. It is one of my favorite movies and I am not Hindi at all but i do love it. It might be a little like ""Pretty Woman"" but i haven't seen that and I don't think it's any better than this. I don't know why you are all trashing about it but maybe you have a good reason but I think i have said it enough but i absolutely love this movie, and to those who say it's not good at all well then I wonder why you watched it and what movies you consider good. As for everyone else that i watched it with they enjoyed it too so it surprises me that this many people don't like it. As for Rani Mukherjee ( i think thats how you spell her last name) she is very beautiful and my favorite actress ever!",1,positive,0.95
34434,"THE ITALIAN is an astonishingly accomplished film for its time. Stunningly shot, with lighting effects that are truly sublime, this is an early gem that clearly reveals REGINALD BARKER to be a pioneer director of equal standing to D.W. GRIFFITH and MAURICE TOURNEUR. How much control Thomas Ince exerted over the production is hard to know, but this film still has extraordinary power. The simple story of an Italian immigrant struggling to keep his family alive in New York, is very moving. The themes of social injustice, revenge and forgiveness are completely relevant today. The use of close-ups is outstanding and the powerhouse performance of GEORGE BEBAN is electrifying. What we need now is a really good print transferred to DVD so we can truly appreciate this early masterpiece of cinema.",1,positive,0.95
41043,GREAT movie and the family will love it!! If kids are bored one day just pop the tape in and you'll be so glad you did!!!<br /><br />~~~Rube<br /><br />i luv raven-s!,1,positive,0.95
26843,"In the ever growing film genre of comic book adaptations, Blade is by far one of the best realised, and most faithful (overall) to the source material.... given that the character has almost 30 years of history in the comics since his debut as a back up figure in Marvel's Tomb of Dracula, the writer took almost ALL of the characters and plot elements from the comic's history. While changes were inevitably made, the finer points of the film steamroll right over any criticisms. Don't let any of you friends tell you different: Blade is one fine film. If it feels too ""comic booky"" for you Stanley Kubrick snobs out there, it's because it's supposed to. Deal with it, but don't dis it for it.",1,positive,0.95
9991,"Charleton Heston wore one, James Franciscus wore one but Mark Wahlberg opts not to don the traditional loin cloth. I hope no one casts him as Tarzan. Linda Harrison wore a bikini in the first 2 Planet movies but Estrella Warren barely shows cleavage - her hair is always in the way. Tim Burton could have sexed up this simian saga & given the adults in the audience something to look at. Even the chaste Helena Bonham Carter never gets out of her costume which looks like a large curtain. She's cute but all the the love stuff is restricted to anxious looks & a little bitty kiss at the end. As in Artificial Intelligence which discusses inter species sex between robots & humans but never delivers - Planet of the Apes hints at inter species romance between the humans & the apes but only hints. Lisa Marie is the only ape that dares to be sexy. This movie has three great actors Tim Roth, Ms. Carter & Paul Giamatti chewing up the scenery as a trio of apes & they are fun to watch. Superlative make up (a certain Oscar) costumes, sets, music make this the hit summer movie of 2001.",1,negative,0.85
44520,"This film is Engaging and Complex while maintaining simple beauty .Our two characters come together sharing the base of curiosity and loneliness, but it is a springboard for learning these people, they 're life styles and pasts which support this.<br /><br />The two lead actors (Bohl, Brundruge) were in the moment as any two actors I have ever seen. %100 believable, they transport the audience seemingly effortlessly, into their world. The actors' seamless acting teamed with Bechard's Beautiful, realistic dialog and his truthful direction drives the story forward into a striking and moving finale.This film is visual treat- soft ,increasing the intensity of The story. The soundtrack serenades the viewer, soothing yet drawing out the emotional content of the film. I find this project to be nothing short of a masterpiece. intriguing.intense.",1,positive,0.95
27119,"Casting Jack Cassidy as Ken Frankin was sheer brilliance. Cassidy personified arrogance, confidence, charm and wit - all with a condescending, evil little smirk on his face. In my opinion, Jack Cassidy is by far the best murderer (having appeared three times) in the Columbo series. This particular (and first) performance, is my favorite Columbo episode ever - hands down. A fresh faced Steven Spielberg did amazing camera work (yes, there were a couple of camera shadows on the actors at times)capturing the nuances and banter at different and intriguing angles between Columbo and Franklin. Also, the panoramic and tight in shots at Big Bear Lake, CA (Franklin's cabin home) were very impressive.<br /><br />If you have not yet seen this episode, then you owe it to yourself to do so - it's a true masterpiece.<br /><br />Jack Cassidy was a very talented actor and singer. His charismatic personality was highly infectious. His death in 1976, at age 49 was very sad and indeed very tragic - he surely had his best years ahead of him. Rest in Peace Jack, you will live on for eternity through your great work.",1,positive,0.95
16236,"I admit not being that fond of Oliver! as a young child--it's long, and the story is a little slow-moving because of all the musical numbers. As a teenager I discovered that the fun of this movie is the experience itself. Rather than thinking of it as an adaptation of Oliver Twist, think of it as a celebration of the classic story. The adaptation is loose at best, but really, if you're watching a musical, you ain't there for the story.<br /><br />The music is the core of this movie, and an overwhelming majority of it is stellar and very catchy. Most or all of the cast was involved in the stage version of the musical, and it shows in their performances--and I consider this a plus. The performances are all in a more ""stagey"" style of acting typical of much older films, and they are very entertaining. The exception is the kid playing Oliver, whose job seemed to be to look cute and stay out of the real performers' way.<br /><br />Fagin and the Dodger are the real stars of this movie. Oliver Reed also does a fantastic job maintaining an intimidating screen presence as the menacing Bill Sykes. Even Sykes' dog Bullseye puts on a good performance.<br /><br />This movie isn't for everyone. People who hate musicals will despise it, as will those who take musicals too seriously. Nitpicking over faulty historical details or mistaking exaggerated stage-type acting for bad acting will ruin anyone's enjoyment. Just sit back and enjoy the entertainment--it's much better if you remember that, as a musical, it's a fantasy loosely organized around the book, not a strict adaptation.",1,positive,0.85
40515,"It has very little to do with the books: half of the characters have been eliminated, the plot has been greatly altered, people's parents are changed for different characters . . .<br /><br />However, if you watch it as an independent piece (try and forget you ever read the books) the movie is very well put together, everyone is very good looking, and there is even a sweet ending...",1,positive,0.8
16646,i love bed knobs and broomsticks so much that it makes me cry a thousand tears of joy every time i have the magnificent pleasure of seeing it. i would also like to reiterate the simple fact that i love it so much.too much some have said. i have 27 copies on video and i love them all equally. i also love anyone else who loves it. i love you. my favourite scene is the dance scene at portobello road. i have learned the dance moves and practice it everyday. i have some audio recordings of myself singing the song. if anyone can play the drums or guitar i am thinking of forming a bed knobs and broomsticks band.i hope to call it 'the knobs'. love me (liz),1,positive,0.95
48911,"No, there is another !<br /><br />Because every Star Wars fan had to have an opinion about I, II & III and because that opinion was biased since we missed so much the atmosphere and the characters of the original trilogy, I will state the good points of ""The Return of the Jedi"" and a few corresponding bad points of the prequel. Of course, I loved the music, the special effects, the two droids, but this has been overly debated elsewhere.<br /><br />What we get in the original trilogy and in this particular movie : - A strong ecological concern - Anti-militarist positions - Fascinating insights about the Jedi Order and the Force - Cute creatures - Harrison Ford's smile - A killer scene : Near the ending, when Vader looks alternatively at his son and at the Emperor. The lightning of the lethal bolts reflected on his Black helmet. And when he grabs and betrays his Master to save Luke, thereby risking his own life ! Oh, boy !<br /><br />What is wrong in the prequel INMHO : - the whole ""human factor"" element that the original cast was able to push forward is somehow missing - The Force seems to be more about superpowers and somersaults, than about wisdom - Too many Jedis at once and too many Light Sabers on the screen - The lack of experience of a few actors too often threatens the coherence of the plot <br /><br />By the way, if you enjoy the theory of the Force as explained by Obi Web (Obi Wen, I mean) and Yoda, then you should read a few books about Buddhism and the forms it took in Ancient Japan.<br /><br />The magic of Star Wars, IMHO lies mainly in the continuing spiritual heritage from a master to his apprentice, from a father to his son, albeit the difficulties. ""De mon âme à ton âme"", (from my soul to yours), as would write Bejard to the late Zen master T. Deshimaru.",1,neutral,0.85
32312,"Whoo-boy, that was definitely one of the worst flicks I've seen all summer. Granted, it was on Sci Fi, and I don't watch much Sci Fi, but man, talk about a razor thin plot and two dimensional characters to the max.<br /><br />The characters were stereotypical and overdone, the plot and setting were unbelievable, the vampires were less intimidating, more funny-looking, the gore was unnecessary, the special effects were down-right horrible, and the ending? Well, the only thing unpredictable about the ending was when suddenly the tomboy becomes a lesbian and starts to do it with the female vampire, which, by the way, isn't really all that hot considering it occurs for about three seconds, in which you're closer to ""What the hell?"" then ""Man, that's hot."" If this ever appears in reruns, God forbid, DON'T WATCH IT.",0,negative,0.95
36515,"I would have given this otherwise terrific series a full 10 vote if Claudia Black had not continued on in it! Her inclusion as the silly 'Vela' has brought the series down in my estimation. To bring her in as a regular at the same time as including Ben Browder to replace RDA was a mistake.<br /><br />Unfortunately we were just reeling from the loss of 'Jack' and really didn't need this great series turned into new episodes of 'Farscape'.<br /><br />I was a great fan of the film ""Stargate"" and when the series was first announced I had reservations that it could live up to the film, but after watching the first episode I have to admit I was hooked. I have always looked forward to new episodes with great anticipation",1,negative,0.85
33997,"The preposterous premise of this flick has to do with Argentina reclaiming the Falkland Islands, having failed through force in 1982, by impregnating the European women inhabitants with Argentinean sperm thereby diluting the ethnic purity until it favored Argentina. Yeah, right. The reconnaissance is done by our hero/villan and cad, Fabian, who hauls his fish-eye camcorder from pillar to post secretly filming his encounters with the Falklanders including his courting and eventual conquest of one woman, Camilla. An unfortunate indie and fraudulent documentary, this flick favors us with lots of boring tourism shot from the hip....yada, yada, yada. The film has no plot potential and only begins to become interesting as Fabian and Camilla wend their way through the usual moments of awkwardness and uncertainty as they get from the handshake to the bed. ""F*ckland"" is only for those cinema purists who can appreciate the bleak, no frills, jigglecam austerity of Dogme indies.",0,negative,0.85
29055,"This is my first CG animated film that I've ever seen. Usually, the look of other animated films made me reticent to see them. Not Ice Age. I wanted to see it the moment I saw the trailer with Scrat, the hilarious sabertooth squirrel.<br /><br />Ice Age was sporadically funny and overall fun film to watch. The story is basically an animated version of Three Men and a Baby, set 20,000 years in the past. The visuals were great. Simply beautiful. It's one thing to create convincing aninmation, it's another thing altogether to create visually arresting stuff and Ice Age is great to look at with its stylized visuals. Blue Sky Studios is a company to look out for in the future.",1,positive,0.95
1366,"Armored<br /><br />The best part about driving an armored vehicle is that if any bums approach you at a red light asking for money, you can shoot them in the face.<br /><br />And while the armoured guards in this thriller aren't using their protective power to purge the drifter population, they are using their position to fleece their employer.<br /><br />When newcomer Ty (Columbus Short) lands a job with an armored trunk company, he feels like he has found his lot in life. Unfortunately, however, when he discovers that his co- workers (Matt Dillon, Jean Reno and Laurence Fishburne) are plotting to take the $42 M shipment for themselves, Ty must fortify himself  and the funds  inside the armored truck.<br /><br />A tedious caper with a plodding plot and phoned-in performances, Armored is an utterly forgettable film.<br /><br />Besides, if you really want to jack millions, it's a lot simpler to just disguise yourself as an ATM. (Red Light)",0,negative,0.85
39828,"I'm not sure who should be blamed for this debacle - in truth, the acting isn't too bad and the story isn't as terrible as some made-for-Disney movies have been. The story itself is shallow and undeveloped but that isn't surprising in a film of this type. The acting is more than a bit two-dimensional, but I give the actors credit for managing to do anything with the material that they had to work with.<br /><br />However, it's inexcusable, in my book, to base an entire storyline on the theory that they've created a 'perfect' pop star and then cast an actress who can't sing to save her life. If the girl can't sing, have someone who can record the music!<br /><br />This actress is a TERRIBLE singer - she was so flat she was usually singing in a totally different key!",0,neutral,0.7
37474,"THE CELL fascinated me at first glance. I was a bit surprised about that fact, because the story of that movie is absolutely boring. If it had no story, the film would be better. Bunuels ""Un chien andalou"" comes to my mind- a film without story, but also with fascinating and sometimes disturbing images. But THE CELL is at first a Hollywood-Movie, and only second a piece of art. I'm very interested in Tarsem's next project. Hamlet on Indian could be very interesting, especially when it has the same looks as THE CELL.<br /><br />For film music enthusiasts: Howard Shore's score for THE CELL is absolutely marvelous, but a hard listening experience, because of its very modernistic style.",1,neutral,0.75
27037,"This movie was really interesting... it also is quite shocking as the similar events of the movie occurred only 10 months after the movie premiered.<br /><br />it was interesting seeing the problems that could be encountered and realistic enough to show that no matter how prepared you think you are - you aren't. if this was made for an American audience - it would be different because they would have used this as a full propaganda film and not as a wake call which the BBC did! it still is propaganda, in some extend - no film today with these themes can not be - but it dealt with the issue successfully.<br /><br />a film that should be shown in all terrorism/counter-terrorism courses but will not because it shows faults which is not allowed to be acknowledged! A great film in which the BBC took a few risks and unfortunately, London does not need a fictional tale any more, due to the reality of July 7 2005.",1,positive,0.85
20291,"Rated TV-14 for Sexual Content and Language.<br /><br />I remembered hearing about this show back in 1998 when it used to play on the channel Teletoon.I didn't watch it then but now, it plays on the channel, Razer.I have seen about four episodes of this show and I must say, it is fairly intelligent and funny.<br /><br />The show stars Jason Alexander of Seinfeld fame and also Tim Curry of Rocky Horror Picture Show and It fame.The show is about a duck who is a police officer.He basically does his job as a policeman, while coping with personal problems.This show is fairly funny at times and fans of animated-comedy will like this.",1,positive,0.85
17454,"I don't see enough TV game shows to understand the attraction of SHOW ME THE MONEY, but I suppose it holds some appeal for undemanding audiences. Ostensibly a quiz show, it offers contestants huge sums of money for answering a few simple questions. However, its quiz elements play only a small part in the proceedings, which I find tortuously complicated. For example, before answering a question, a contestant selects which question is to be asked by choosing from among random ""A,"" ""B,"" or ""C"" choices. Does this serve any purpose other than to slow the game down? It would be a lot quicker simply to start with ""A."" Contestants can pass on questions, but must answer one of the three questions in each category.<br /><br />After responding to a question, the contestant is then asked to ""lock in"" the answer--another delaying tactic. The contestant's next task is to name which woman from about a dozen go-go dancers in cages is to unveil a card that indicates how much the question is worth. A correct answer adds the card's dollar figure to the contestant's running total; a wrong answer subtracts the same sum. This time-consuming step actually has some entertainment value, as it allows the audience to get a close look at the scantily clad and uniformly gorgeous dancers. Meanwhile, the contestant is reminded that an unlucky selection of the ""killer card"" will end the game instantly. This naturally makes the contestant sweat and causes further delays as the nervous contestant contemplates the sudden loss of the hundreds of thousands of dollars. My suspicion is that the possibility of sudden disaster is the show's chief audience appeal.<br /><br />Meanwhile, the whole process is slowed down even more by a lot of empty banter between host William Shatner and the contestant, along with occasional routines by the caged dancers. All these delays burn up so much time that it might be possible for audiences to forget what the original question is by the time the correct answer is revealed.<br /><br />A typical 30-minute episode of JEOPARDY often gets through as many as 60 questions. The first 30 minutes of SMTM that I watched got through only six questions (many of which pertained to other TV shows). No one in his right mind would watch this show because it's fun to play along by answering the questions at home. That leaves three possible reasons to watch the show.<br /><br />A. To see how a contestant responds to being on the verge of winning as much as one million dollars, only to lose everything in one stroke.<br /><br />B. To look at gorgeous young women performing sexually suggestive dance routines.<br /><br />C. To enjoy William Shatner's scintillating banter.<br /><br />My choice is ""B,"" but the women aren't on camera long enough to justify suffering through an hour of this show.",0,negative,0.85
